ID,name,contexts,eventNum,skipNum
1,,『 도서관의 세 뮤즈상 관찰 기록』- 토르소,,
2,,최근 조각상의 움직임이 수상하다.@조각상에 움직임이라는 수식을 붙여도 되나? 어쨌든.,,
3,,"9명의 뮤즈는 각기 다른 영역을 상징한다. 그중에서도 도서관에 있는 조각상은 칼리오페# 폴리휨니아# 그리고 멜포메네.",,
4,,"칼리오페는 서사시를# 폴리휨니아는 기도를# 멜포메네는 비극을 관장한다.",,
5,,"이 중 어떤 조각상이 수상한지는 당장 알 수 없어# 관찰 당시의 모습을 기록해 둔다.",,
6,,칼리오페 – 두루마리를 가리킨 채 근엄한 표정을 짓고 있다.@폴리휨니아 – 기둥에 기대어 한 손을 입가에 가져다 대고 있다.,,
7,,멜포메네 – 한 손에 끔찍한 표정의 가면을 떨구어 쥐고 있다. 그의 맨얼굴은 긴장한 채 어딘가를 응시하고 있는 것 같아 보인다.,,
8,,조각상이 '움직인다'는 점은 확실한 것 같으니 이후에 모습을 다시 비교해 보도록 하겠다.,,
9,,자신의 모습을 감추고 있는 조각상을 조심하라.,,
